"Nome","Link"
"March Comes in Like a Lion (film)","https://en.wikipedia.org/wiki/March_Comes_in_Like_a_Lion_(film)"
"Coming-of-age story","https://en.wikipedia.org/wiki/Coming-of-age_story"
"Romantic comedy","https://en.wikipedia.org/wiki/Romantic_comedy"
"Chica Umino","https://en.wikipedia.org/wiki/Chica_Umino"
"Hakusensha","https://en.wikipedia.org/wiki/Hakusensha"
"Seinen manga","https://en.wikipedia.org/wiki/Seinen_manga"
"Young Animal (magazine)","https://en.wikipedia.org/wiki/Young_Animal_(magazine)"
"Akiyuki Shinbo","https://en.wikipedia.org/wiki/Akiyuki_Shinbo"
"Yukari Hashimoto","https://en.wikipedia.org/wiki/Yukari_Hashimoto"
"Shaft (company)","https://en.wikipedia.org/wiki/Shaft_(company)"
"Northern America","https://en.wikipedia.org/wiki/Northern_America"
"Aniplex of America","https://en.wikipedia.org/wiki/Aniplex_of_America"
"United Kingdom","https://en.wikipedia.org/wiki/United_Kingdom"
"Anime Limited","https://en.wikipedia.org/wiki/Anime_Limited"
"NHK General TV","https://en.wikipedia.org/wiki/NHK_General_TV"
"United States","https://en.wikipedia.org/wiki/United_States"
"TV Japan","https://en.wikipedia.org/wiki/TV_Japan"
"List of March Comes in like a Lion episodes","https://en.wikipedia.org/wiki/List_of_March_Comes_in_like_a_Lion_episodes"
"March Comes in Like a Lion (film)","https://en.wikipedia.org/wiki/March_Comes_in_Like_a_Lion_(film)"
"Portal:Anime and Manga","https://en.wikipedia.org/wiki/Portal:Anime_and_Manga"
"Japanese language","https://en.wikipedia.org/wiki/Japanese_language"
"Hepburn romanization","https://en.wikipedia.org/wiki/Hepburn_romanization"
"Manga","https://en.wikipedia.org/wiki/Manga"
"Chica Umino","https://en.wikipedia.org/wiki/Chica_Umino"
"Honey and Clover","https://en.wikipedia.org/wiki/Honey_and_Clover"
"Hakusensha","https://en.wikipedia.org/wiki/Hakusensha"
"Seinen manga","https://en.wikipedia.org/wiki/Seinen_manga"
"Young Animal (magazine)","https://en.wikipedia.org/wiki/Young_Animal_(magazine)"
"Tankōbon","https://en.wikipedia.org/wiki/Tank%C5%8Dbon"
"Anime","https://en.wikipedia.org/wiki/Anime"
"Shaft (company)","https://en.wikipedia.org/wiki/Shaft_(company)"
"NHK","https://en.wikipedia.org/wiki/NHK"
"March Comes in Like a Lion (film)","https://en.wikipedia.org/wiki/March_Comes_in_Like_a_Lion_(film)"
"Professional shogi player","https://en.wikipedia.org/wiki/Professional_shogi_player"
"Manabu Senzaki","https://en.wikipedia.org/wiki/Manabu_Senzaki"
"Edit section: Story","https://en.wikipedia.org/w/index.php?title=March_Comes_in_Like_a_Lion&action=edit&section=1"
"Tokyo","https://en.wikipedia.org/wiki/Tokyo"
"Shōgi","https://en.wikipedia.org/wiki/Sh%C5%8Dgi"
"Cat","https://en.wikipedia.org/wiki/Cat"
"Edit section: Characters","https://en.wikipedia.org/w/index.php?title=March_Comes_in_Like_a_Lion&action=edit&section=2"
"Edit section: Main characters","https://en.wikipedia.org/w/index.php?title=March_Comes_in_Like_a_Lion&action=edit&section=3"
"Kengo Kawanishi","https://en.wikipedia.org/wiki/Kengo_Kawanishi"
"Ryunosuke Kamiki","https://en.wikipedia.org/wiki/Ryunosuke_Kamiki"
"Shogi","https://en.wikipedia.org/wiki/Shogi#Player_ranking_and_handicaps"
"Secondary education in Japan","https://en.wikipedia.org/wiki/Secondary_education_in_Japan"
"Ryunosuke Kamiki","https://en.wikipedia.org/wiki/Ryunosuke_Kamiki"
"Ai Kayano","https://en.wikipedia.org/wiki/Ai_Kayano"
"Laura Post","https://en.wikipedia.org/wiki/Laura_Post"
"Kana Kurashina","https://en.wikipedia.org/wiki/Kana_Kurashina"
"Wagashi","https://en.wikipedia.org/wiki/Wagashi"
"Kana Kurashina","https://en.wikipedia.org/wiki/Kana_Kurashina"
"Kana Hanazawa","https://en.wikipedia.org/wiki/Kana_Hanazawa"
"Kaya Kiyohara","https://en.wikipedia.org/wiki/Kaya_Kiyohara"
"Secondary education in Japan","https://en.wikipedia.org/wiki/Secondary_education_in_Japan"
"Bento","https://en.wikipedia.org/wiki/Bento"
"Misaki Kuno","https://en.wikipedia.org/wiki/Misaki_Kuno"
"Xanthe Huynh","https://en.wikipedia.org/wiki/Xanthe_Huynh"
"Education in Japan","https://en.wikipedia.org/wiki/Education_in_Japan#Kindergarten_and_Nursery_school"
"My Neighbour Totoro","https://en.wikipedia.org/wiki/My_Neighbour_Totoro"
"Edit section: Kōda family","https://en.wikipedia.org/w/index.php?title=March_Comes_in_Like_a_Lion&action=edit&section=4"
"Tōru Ōkawa","https://en.wikipedia.org/wiki/T%C5%8Dru_%C5%8Ckawa"
"Cam Clarke","https://en.wikipedia.org/wiki/Cam_Clarke"
"Etsushi Toyokawa","https://en.wikipedia.org/wiki/Etsushi_Toyokawa"
"Etsushi Toyokawa","https://en.wikipedia.org/wiki/Etsushi_Toyokawa"
"Marina Inoue","https://en.wikipedia.org/wiki/Marina_Inoue"
"Lauren Landa","https://en.wikipedia.org/wiki/Lauren_Landa"
"Kasumi Arimura","https://en.wikipedia.org/wiki/Kasumi_Arimura"
"Edit section: Professional shōgi players","https://en.wikipedia.org/w/index.php?title=March_Comes_in_Like_a_Lion&action=edit&section=5"
"Nobuhiko Okamoto","https://en.wikipedia.org/wiki/Nobuhiko_Okamoto"
"Shota Sometani","https://en.wikipedia.org/wiki/Shota_Sometani"
"Satoshi Murayama","https://en.wikipedia.org/wiki/Satoshi_Murayama"
"Shin-ichiro Miki","https://en.wikipedia.org/wiki/Shin-ichiro_Miki"
"Kirk Thornton","https://en.wikipedia.org/wiki/Kirk_Thornton"
"Kuranosuke Sasaki","https://en.wikipedia.org/wiki/Kuranosuke_Sasaki"
"Kuranosuke Sasaki","https://en.wikipedia.org/wiki/Kuranosuke_Sasaki"
"Hiroki Tōchi","https://en.wikipedia.org/wiki/Hiroki_T%C5%8Dchi"
"Ray Chase (voice actor)","https://en.wikipedia.org/wiki/Ray_Chase_(voice_actor)"
"Hideaki Ito","https://en.wikipedia.org/wiki/Hideaki_Ito"
"Hideaki Ito","https://en.wikipedia.org/wiki/Hideaki_Ito"
"Akira Ishida","https://en.wikipedia.org/wiki/Akira_Ishida"
"Todd Haberkorn","https://en.wikipedia.org/wiki/Todd_Haberkorn"
"Ryo Kase","https://en.wikipedia.org/wiki/Ryo_Kase"
"Meijin (shogi)","https://en.wikipedia.org/wiki/Meijin_(shogi)"
"Ryo Kase","https://en.wikipedia.org/wiki/Ryo_Kase"
"Subaru Kimura","https://en.wikipedia.org/wiki/Subaru_Kimura"
"Doug Erholtz","https://en.wikipedia.org/wiki/Doug_Erholtz"
"Hiroyuki Onoue","https://en.wikipedia.org/wiki/Hiroyuki_Onoue"
"Tomokazu Sugita","https://en.wikipedia.org/wiki/Tomokazu_Sugita"
"Robbie Daymond","https://en.wikipedia.org/wiki/Robbie_Daymond"
"Tomoya Nakamura","https://en.wikipedia.org/wiki/Tomoya_Nakamura"
"Yuichi Nakamura (voice actor)","https://en.wikipedia.org/wiki/Yuichi_Nakamura_(voice_actor)"
"Xander Mobus","https://en.wikipedia.org/wiki/Xander_Mobus"
"Kazuo Oka","https://en.wikipedia.org/wiki/Kazuo_Oka"
"Steve Kramer (actor)","https://en.wikipedia.org/wiki/Steve_Kramer_(actor)"
"Fukushima Prefecture","https://en.wikipedia.org/wiki/Fukushima_Prefecture"
"Mitsuo Iwata","https://en.wikipedia.org/wiki/Mitsuo_Iwata"
"Akio Ōtsuka","https://en.wikipedia.org/wiki/Akio_%C5%8Ctsuka"
"Jamieson Price","https://en.wikipedia.org/wiki/Jamieson_Price"
"Edit section: Other characters","https://en.wikipedia.org/w/index.php?title=March_Comes_in_Like_a_Lion&action=edit&section=6"
"Yoshimasa Hosoya","https://en.wikipedia.org/wiki/Yoshimasa_Hosoya"
"Shikoku","https://en.wikipedia.org/wiki/Shikoku"
"High school baseball in Japan","https://en.wikipedia.org/wiki/High_school_baseball_in_Japan"
"Shigeru Chiba","https://en.wikipedia.org/wiki/Shigeru_Chiba"
"Wagashi","https://en.wikipedia.org/wiki/Wagashi"
"Yōji Ueda","https://en.wikipedia.org/wiki/Y%C5%8Dji_Ueda"
"Doug Stone (voice actor)","https://en.wikipedia.org/wiki/Doug_Stone_(voice_actor)"
"Takahiro Sakurai","https://en.wikipedia.org/wiki/Takahiro_Sakurai"
"Keith Silverstein","https://en.wikipedia.org/wiki/Keith_Silverstein"
"Michiko Neya","https://en.wikipedia.org/wiki/Michiko_Neya"
"Wendee Lee","https://en.wikipedia.org/wiki/Wendee_Lee"
"Yūji Ueda","https://en.wikipedia.org/wiki/Y%C5%ABji_Ueda"
"Arnie Pantoja","https://en.wikipedia.org/wiki/Arnie_Pantoja"
"Edit section: Media","https://en.wikipedia.org/w/index.php?title=March_Comes_in_Like_a_Lion&action=edit&section=7"
"Edit section: Manga","https://en.wikipedia.org/w/index.php?title=March_Comes_in_Like_a_Lion&action=edit&section=8"
"Hakusensha","https://en.wikipedia.org/wiki/Hakusensha"
"Young Animal (magazine)","https://en.wikipedia.org/wiki/Young_Animal_(magazine)"
"Tankōbon","https://en.wikipedia.org/wiki/Tank%C5%8Dbon"
"International Standard Book Number","https://en.wikipedia.org/wiki/International_Standard_Book_Number"
"Special:BookSources/978-4-59-214511-0","https://en.wikipedia.org/wiki/Special:BookSources/978-4-59-214511-0"
"International Standard Book Number","https://en.wikipedia.org/wiki/International_Standard_Book_Number"
"Special:BookSources/978-4-59-214512-7","https://en.wikipedia.org/wiki/Special:BookSources/978-4-59-214512-7"
"International Standard Book Number","https://en.wikipedia.org/wiki/International_Standard_Book_Number"
"Special:BookSources/978-4-59-214513-4","https://en.wikipedia.org/wiki/Special:BookSources/978-4-59-214513-4"
"International Standard Book Number","https://en.wikipedia.org/wiki/International_Standard_Book_Number"
"Special:BookSources/978-4-59-214514-1","https://en.wikipedia.org/wiki/Special:BookSources/978-4-59-214514-1"
"International Standard Book Number","https://en.wikipedia.org/wiki/International_Standard_Book_Number"
"Special:BookSources/978-4-59-214515-8","https://en.wikipedia.org/wiki/Special:BookSources/978-4-59-214515-8"
"International Standard Book Number","https://en.wikipedia.org/wiki/International_Standard_Book_Number"
"Special:BookSources/978-4-59-214516-5","https://en.wikipedia.org/wiki/Special:BookSources/978-4-59-214516-5"
"International Standard Book Number","https://en.wikipedia.org/wiki/International_Standard_Book_Number"
"Special:BookSources/978-4-59-214517-2","https://en.wikipedia.org/wiki/Special:BookSources/978-4-59-214517-2"
"International Standard Book Number","https://en.wikipedia.org/wiki/International_Standard_Book_Number"
"Special:BookSources/978-4-59-214518-9","https://en.wikipedia.org/wiki/Special:BookSources/978-4-59-214518-9"
"International Standard Book Number","https://en.wikipedia.org/wiki/International_Standard_Book_Number"
"Special:BookSources/978-4-59-214519-6","https://en.wikipedia.org/wiki/Special:BookSources/978-4-59-214519-6"
"International Standard Book Number","https://en.wikipedia.org/wiki/International_Standard_Book_Number"
"Special:BookSources/978-4-59-214520-2","https://en.wikipedia.org/wiki/Special:BookSources/978-4-59-214520-2"
"International Standard Book Number","https://en.wikipedia.org/wiki/International_Standard_Book_Number"
"Special:BookSources/978-4-59-214521-9","https://en.wikipedia.org/wiki/Special:BookSources/978-4-59-214521-9"
"International Standard Book Number","https://en.wikipedia.org/wiki/International_Standard_Book_Number"
"Special:BookSources/978-4-59-214522-6","https://en.wikipedia.org/wiki/Special:BookSources/978-4-59-214522-6"
"International Standard Book Number","https://en.wikipedia.org/wiki/International_Standard_Book_Number"
"Special:BookSources/978-4-59-214523-3","https://en.wikipedia.org/wiki/Special:BookSources/978-4-59-214523-3"
"Edit section: Anime","https://en.wikipedia.org/w/index.php?title=March_Comes_in_Like_a_Lion&action=edit&section=9"
"List of March Comes in Like a Lion episodes","https://en.wikipedia.org/wiki/List_of_March_Comes_in_Like_a_Lion_episodes"
"Anime","https://en.wikipedia.org/wiki/Anime"
"Young Animal (magazine)","https://en.wikipedia.org/wiki/Young_Animal_(magazine)"
"Shaft (company)","https://en.wikipedia.org/wiki/Shaft_(company)"
"Akiyuki Shinbo","https://en.wikipedia.org/wiki/Akiyuki_Shinbo"
"Yukari Hashimoto","https://en.wikipedia.org/wiki/Yukari_Hashimoto"
"Bump of Chicken","https://en.wikipedia.org/wiki/Bump_of_Chicken"
"Yuki (singer)","https://en.wikipedia.org/wiki/Yuki_(singer)"
"Kenshi Yonezu","https://en.wikipedia.org/wiki/Kenshi_Yonezu"
"NHK General TV","https://en.wikipedia.org/wiki/NHK_General_TV"
"Aniplex of America","https://en.wikipedia.org/wiki/Aniplex_of_America"
"Anime Limited","https://en.wikipedia.org/wiki/Anime_Limited"
"Crunchyroll","https://en.wikipedia.org/wiki/Crunchyroll"
"Edit section: Live-action films","https://en.wikipedia.org/w/index.php?title=March_Comes_in_Like_a_Lion&action=edit&section=10"
"March Comes in Like a Lion (film)","https://en.wikipedia.org/wiki/March_Comes_in_Like_a_Lion_(film)"
"Live action","https://en.wikipedia.org/wiki/Live_action"
"Film adaptation","https://en.wikipedia.org/wiki/Film_adaptation"
"March Comes in like a Lion (film)","https://en.wikipedia.org/wiki/March_Comes_in_like_a_Lion_(film)"
"Keishi Ōtomo (page does not exist)","https://en.wikipedia.org/w/index.php?title=Keishi_%C5%8Ctomo&action=edit&redlink=1"
"ja:大友啓史","https://en.wikipedia.orghttps://ja.wikipedia.org/wiki/%E5%A4%A7%E5%8F%8B%E5%95%93%E5%8F%B2"
"Ryunosuke Kamiki","https://en.wikipedia.org/wiki/Ryunosuke_Kamiki"
"Toho","https://en.wikipedia.org/wiki/Toho"
"Asmik Ace Entertainment","https://en.wikipedia.org/wiki/Asmik_Ace_Entertainment"
"Edit section: Reception","https://en.wikipedia.org/w/index.php?title=March_Comes_in_Like_a_Lion&action=edit&section=11"
"Manga Taishō","https://en.wikipedia.org/wiki/Manga_Taish%C5%8D"
"Kodansha Manga Award","https://en.wikipedia.org/wiki/Kodansha_Manga_Award"
"Space Brothers (manga)","https://en.wikipedia.org/wiki/Space_Brothers_(manga)"
"Tezuka Osamu Cultural Prize","https://en.wikipedia.org/wiki/Tezuka_Osamu_Cultural_Prize"
"Edit section: Notes","https://en.wikipedia.org/w/index.php?title=March_Comes_in_Like_a_Lion&action=edit&section=12"
"Berserk (manga)","https://en.wikipedia.org/wiki/Berserk_(manga)"
"Kentarō Miura","https://en.wikipedia.org/wiki/Kentar%C5%8D_Miura"
"Edit section: References","https://en.wikipedia.org/w/index.php?title=March_Comes_in_Like_a_Lion&action=edit&section=13"
"Anime News Network","https://en.wikipedia.org/wiki/Anime_News_Network"
"Hakusensha","https://en.wikipedia.org/wiki/Hakusensha"
"Anime News Network","https://en.wikipedia.org/wiki/Anime_News_Network"
"Anime News Network","https://en.wikipedia.org/wiki/Anime_News_Network"
"Anime News Network","https://en.wikipedia.org/wiki/Anime_News_Network"
"Anime News Network","https://en.wikipedia.org/wiki/Anime_News_Network"
"Anime News Network","https://en.wikipedia.org/wiki/Anime_News_Network"
"Anime News Network","https://en.wikipedia.org/wiki/Anime_News_Network"
"Anime News Network","https://en.wikipedia.org/wiki/Anime_News_Network"
"Anime News Network","https://en.wikipedia.org/wiki/Anime_News_Network"
"Hakusensha","https://en.wikipedia.org/wiki/Hakusensha"
"Help:Cite errors/Cite error references duplicate key","https://en.wikipedia.org/wiki/Help:Cite_errors/Cite_error_references_duplicate_key"
"Hakusensha","https://en.wikipedia.org/wiki/Hakusensha"
"Hakusensha","https://en.wikipedia.org/wiki/Hakusensha"
"Anime News Network","https://en.wikipedia.org/wiki/Anime_News_Network"
"Hakusensha","https://en.wikipedia.org/wiki/Hakusensha"
"Hakusensha","https://en.wikipedia.org/wiki/Hakusensha"
"Hakusensha","https://en.wikipedia.org/wiki/Hakusensha"
"Hakusensha","https://en.wikipedia.org/wiki/Hakusensha"
"Hakusensha","https://en.wikipedia.org/wiki/Hakusensha"
"Hakusensha","https://en.wikipedia.org/wiki/Hakusensha"
"Hakusensha","https://en.wikipedia.org/wiki/Hakusensha"
"Hakusensha","https://en.wikipedia.org/wiki/Hakusensha"
"Hakusensha","https://en.wikipedia.org/wiki/Hakusensha"
"Hakusensha","https://en.wikipedia.org/wiki/Hakusensha"
"Anime News Network","https://en.wikipedia.org/wiki/Anime_News_Network"
"Anime News Network","https://en.wikipedia.org/wiki/Anime_News_Network"
"Anime News Network","https://en.wikipedia.org/wiki/Anime_News_Network"
"Anime News Network","https://en.wikipedia.org/wiki/Anime_News_Network"
"Anime News Network","https://en.wikipedia.org/wiki/Anime_News_Network"
"Anime News Network","https://en.wikipedia.org/wiki/Anime_News_Network"
"Anime News Network","https://en.wikipedia.org/wiki/Anime_News_Network"
"Anime Limited","https://en.wikipedia.org/wiki/Anime_Limited"
"Anime News Network","https://en.wikipedia.org/wiki/Anime_News_Network"
"Anime News Network","https://en.wikipedia.org/wiki/Anime_News_Network"
"Anime News Network","https://en.wikipedia.org/wiki/Anime_News_Network"
"Anime News Network","https://en.wikipedia.org/wiki/Anime_News_Network"
"Anime News Network","https://en.wikipedia.org/wiki/Anime_News_Network"
"Edit section: External links","https://en.wikipedia.org/w/index.php?title=March_Comes_in_Like_a_Lion&action=edit&section=14"
"Anime News Network","https://en.wikipedia.org/wiki/Anime_News_Network"
"Template:Kodansha Manga Award - General","https://en.wikipedia.org/wiki/Template:Kodansha_Manga_Award_-_General"
"Template talk:Kodansha Manga Award - General","https://en.wikipedia.org/wiki/Template_talk:Kodansha_Manga_Award_-_General"
"Kodansha Manga Award","https://en.wikipedia.org/wiki/Kodansha_Manga_Award"
"Karyūdo no Seiza (page does not exist)","https://en.wikipedia.org/w/index.php?title=Kary%C5%ABdo_no_Seiza&action=edit&redlink=1"
"Machiko Satonaka","https://en.wikipedia.org/wiki/Machiko_Satonaka"
"P.S. Genki Desu, Shunpei (page does not exist)","https://en.wikipedia.org/w/index.php?title=P.S._Genki_Desu,_Shunpei&action=edit&redlink=1"
"Fumi Saimon","https://en.wikipedia.org/wiki/Fumi_Saimon"
"Akira (manga)","https://en.wikipedia.org/wiki/Akira_(manga)"
"Katsuhiro Otomo","https://en.wikipedia.org/wiki/Katsuhiro_Otomo"
"Okashi na Futari (page does not exist)","https://en.wikipedia.org/w/index.php?title=Okashi_na_Futari&action=edit&redlink=1"
"Jūzō Yamasaki","https://en.wikipedia.org/wiki/J%C5%ABz%C5%8D_Yamasaki"
"Adolf (manga)","https://en.wikipedia.org/wiki/Adolf_(manga)"
"Osamu Tezuka","https://en.wikipedia.org/wiki/Osamu_Tezuka"
"What's Michael?","https://en.wikipedia.org/wiki/What%27s_Michael%3F"
"Makoto Kobayashi (artist)","https://en.wikipedia.org/wiki/Makoto_Kobayashi_(artist)"
"Actor (manga) (page does not exist)","https://en.wikipedia.org/w/index.php?title=Actor_(manga)&action=edit&redlink=1"
"Kaiji Kawaguchi","https://en.wikipedia.org/wiki/Kaiji_Kawaguchi"
"Bonobono","https://en.wikipedia.org/wiki/Bonobono"
"Mikio Igarashi","https://en.wikipedia.org/wiki/Mikio_Igarashi"
"Be-Bop High School","https://en.wikipedia.org/wiki/Be-Bop_High_School"
"Kazuhiro Kiuchi","https://en.wikipedia.org/wiki/Kazuhiro_Kiuchi"
"Showa: A History of Japan","https://en.wikipedia.org/wiki/Showa:_A_History_of_Japan"
"Shigeru Mizuki","https://en.wikipedia.org/wiki/Shigeru_Mizuki"
"The Silent Service","https://en.wikipedia.org/wiki/The_Silent_Service"
"Kaiji Kawaguchi","https://en.wikipedia.org/wiki/Kaiji_Kawaguchi"
"Gorillaman (page does not exist)","https://en.wikipedia.org/w/index.php?title=Gorillaman&action=edit&redlink=1"
"Harold Sakuishi","https://en.wikipedia.org/wiki/Harold_Sakuishi"
"Kachō Kōsaku Shima","https://en.wikipedia.org/wiki/Kach%C5%8D_K%C5%8Dsaku_Shima"
"Kenshi Hirokane","https://en.wikipedia.org/wiki/Kenshi_Hirokane"
"Waru (manga)","https://en.wikipedia.org/wiki/Waru_(manga)"
"Jun Fukami (page does not exist)","https://en.wikipedia.org/w/index.php?title=Jun_Fukami&action=edit&redlink=1"
"Naniwa Kin'yūdō","https://en.wikipedia.org/wiki/Naniwa_Kin%27y%C5%ABd%C5%8D"
"Yūji Aoki","https://en.wikipedia.org/wiki/Y%C5%ABji_Aoki"
"Parasyte","https://en.wikipedia.org/wiki/Parasyte"
"Hitoshi Iwaaki","https://en.wikipedia.org/wiki/Hitoshi_Iwaaki"
"Tetsujin Ganma (page does not exist)","https://en.wikipedia.org/w/index.php?title=Tetsujin_Ganma&action=edit&redlink=1"
"Yasuhito Yamamoto","https://en.wikipedia.org/wiki/Yasuhito_Yamamoto"
"Hanada Shōnen Shi","https://en.wikipedia.org/wiki/Hanada_Sh%C5%8Dnen_Shi"
"Makoto Isshiki","https://en.wikipedia.org/wiki/Makoto_Isshiki"
"Ping-Pong Club","https://en.wikipedia.org/wiki/Ping-Pong_Club"
"Minoru Furuya","https://en.wikipedia.org/wiki/Minoru_Furuya"
"Dragon Head","https://en.wikipedia.org/wiki/Dragon_Head"
"Minetarō Mochizuki","https://en.wikipedia.org/wiki/Minetar%C5%8D_Mochizuki"
"Kaiji (manga)","https://en.wikipedia.org/wiki/Kaiji_(manga)"
"Nobuyuki Fukumoto","https://en.wikipedia.org/wiki/Nobuyuki_Fukumoto"
"Sōten Kōro","https://en.wikipedia.org/wiki/S%C5%8Dten_K%C5%8Dro"
"King Gonta (page does not exist)","https://en.wikipedia.org/w/index.php?title=King_Gonta&action=edit&redlink=1"
"Wangan Midnight","https://en.wikipedia.org/wiki/Wangan_Midnight"
"Michiharu Kusunoki","https://en.wikipedia.org/wiki/Michiharu_Kusunoki"
"Vagabond (manga)","https://en.wikipedia.org/wiki/Vagabond_(manga)"
"Takehiko Inoue","https://en.wikipedia.org/wiki/Takehiko_Inoue"
"20th Century Boys","https://en.wikipedia.org/wiki/20th_Century_Boys"
"Naoki Urasawa","https://en.wikipedia.org/wiki/Naoki_Urasawa"
"Zipang (manga)","https://en.wikipedia.org/wiki/Zipang_(manga)"
"Kaiji Kawaguchi","https://en.wikipedia.org/wiki/Kaiji_Kawaguchi"
"The Life of Genius Professor Yanagizawa","https://en.wikipedia.org/wiki/The_Life_of_Genius_Professor_Yanagizawa"
"Kazumi Yamashita (artist)","https://en.wikipedia.org/wiki/Kazumi_Yamashita_(artist)"
"Basilisk (manga)","https://en.wikipedia.org/wiki/Basilisk_(manga)"
"Masaki Segawa (page does not exist)","https://en.wikipedia.org/w/index.php?title=Masaki_Segawa&action=edit&redlink=1"
"Dragon Zakura","https://en.wikipedia.org/wiki/Dragon_Zakura"
"Norifusa Mita","https://en.wikipedia.org/wiki/Norifusa_Mita"
"Mushishi","https://en.wikipedia.org/wiki/Mushishi"
"Yuki Urushibara","https://en.wikipedia.org/wiki/Yuki_Urushibara"
"Big Windup!","https://en.wikipedia.org/wiki/Big_Windup!"
"Asa Higuchi","https://en.wikipedia.org/wiki/Asa_Higuchi"
"Moyasimon: Tales of Agriculture","https://en.wikipedia.org/wiki/Moyasimon:_Tales_of_Agriculture"
"Masayuki Ishikawa","https://en.wikipedia.org/wiki/Masayuki_Ishikawa"
"Oh My Goddess!","https://en.wikipedia.org/wiki/Oh_My_Goddess!"
"Kōsuke Fujishima","https://en.wikipedia.org/wiki/K%C5%8Dsuke_Fujishima"
"Giant Killing","https://en.wikipedia.org/wiki/Giant_Killing"
"Masaya Tsunamoto (page does not exist)","https://en.wikipedia.org/w/index.php?title=Masaya_Tsunamoto&action=edit&redlink=1"
"March Comes in like a Lion","https://en.wikipedia.org/wiki/March_Comes_in_like_a_Lion"
"Chica Umino","https://en.wikipedia.org/wiki/Chica_Umino"
"Space Brothers (manga)","https://en.wikipedia.org/wiki/Space_Brothers_(manga)"
"Chūya Koyama (page does not exist)","https://en.wikipedia.org/w/index.php?title=Ch%C5%ABya_Koyama&action=edit&redlink=1"
"Vinland Saga (manga)","https://en.wikipedia.org/wiki/Vinland_Saga_(manga)"
"Makoto Yukimura","https://en.wikipedia.org/wiki/Makoto_Yukimura"
"Gurazeni","https://en.wikipedia.org/wiki/Gurazeni"
"Yūji Moritaka (page does not exist)","https://en.wikipedia.org/w/index.php?title=Y%C5%ABji_Moritaka&action=edit&redlink=1"
"Keiji Adachi (page does not exist)","https://en.wikipedia.org/w/index.php?title=Keiji_Adachi&action=edit&redlink=1"
"Prison School","https://en.wikipedia.org/wiki/Prison_School"
"Akira Hiramoto","https://en.wikipedia.org/wiki/Akira_Hiramoto"
"Shōwa Genroku Rakugo Shinjū","https://en.wikipedia.org/wiki/Sh%C5%8Dwa_Genroku_Rakugo_Shinj%C5%AB"
"Haruko Kumota (page does not exist)","https://en.wikipedia.org/w/index.php?title=Haruko_Kumota&action=edit&redlink=1"
"Knights of Sidonia","https://en.wikipedia.org/wiki/Knights_of_Sidonia"
"Tsutomu Nihei","https://en.wikipedia.org/wiki/Tsutomu_Nihei"
"Kōnodori","https://en.wikipedia.org/wiki/K%C5%8Dnodori"
"Yū Suzunoki","https://en.wikipedia.org/wiki/Y%C5%AB_Suzunoki"
"The Fable (page does not exist)","https://en.wikipedia.org/w/index.php?title=The_Fable&action=edit&redlink=1"
"Katsuhisa Minami (page does not exist)","https://en.wikipedia.org/w/index.php?title=Katsuhisa_Minami&action=edit&redlink=1"
"Template:Manga Taishō","https://en.wikipedia.org/wiki/Template:Manga_Taish%C5%8D"
"Template talk:Manga Taishō","https://en.wikipedia.org/wiki/Template_talk:Manga_Taish%C5%8D"
"Manga Taishō","https://en.wikipedia.org/wiki/Manga_Taish%C5%8D"
"Gaku: Minna no Yama","https://en.wikipedia.org/wiki/Gaku:_Minna_no_Yama"
"Chihayafuru","https://en.wikipedia.org/wiki/Chihayafuru"
"Yuki Suetsugu","https://en.wikipedia.org/wiki/Yuki_Suetsugu"
"Thermae Romae","https://en.wikipedia.org/wiki/Thermae_Romae"
"Mari Yamazaki","https://en.wikipedia.org/wiki/Mari_Yamazaki"
"Chica Umino","https://en.wikipedia.org/wiki/Chica_Umino"
"Silver Spoon (manga)","https://en.wikipedia.org/wiki/Silver_Spoon_(manga)"
"Hiromu Arakawa","https://en.wikipedia.org/wiki/Hiromu_Arakawa"
"Umimachi Diary","https://en.wikipedia.org/wiki/Umimachi_Diary"
"Akimi Yoshida","https://en.wikipedia.org/wiki/Akimi_Yoshida"
"A Bride's Story","https://en.wikipedia.org/wiki/A_Bride%27s_Story"
"Kaoru Mori","https://en.wikipedia.org/wiki/Kaoru_Mori"
"Blank Canvas: My So-Called Artist's Journey","https://en.wikipedia.org/wiki/Blank_Canvas:_My_So-Called_Artist%27s_Journey"
"Akiko Higashimura","https://en.wikipedia.org/wiki/Akiko_Higashimura"
"Golden Kamuy","https://en.wikipedia.org/wiki/Golden_Kamuy"
"Hibiki: Shōsetsuka ni Naru Hōhō","https://en.wikipedia.org/wiki/Hibiki:_Sh%C5%8Dsetsuka_ni_Naru_H%C5%8Dh%C5%8D"
"Beastars","https://en.wikipedia.org/wiki/Beastars"
"Template:Tezuka Osamu Cultural Prize","https://en.wikipedia.org/wiki/Template:Tezuka_Osamu_Cultural_Prize"
"Template talk:Tezuka Osamu Cultural Prize","https://en.wikipedia.org/wiki/Template_talk:Tezuka_Osamu_Cultural_Prize"
"Tezuka Osamu Cultural Prize","https://en.wikipedia.org/wiki/Tezuka_Osamu_Cultural_Prize"
"Fujiko Fujio","https://en.wikipedia.org/wiki/Fujiko_Fujio"
"Doraemon","https://en.wikipedia.org/wiki/Doraemon"
"Jiro Taniguchi","https://en.wikipedia.org/wiki/Jiro_Taniguchi"
"Natsuo Sekikawa (page does not exist)","https://en.wikipedia.org/w/index.php?title=Natsuo_Sekikawa&action=edit&redlink=1"
"Naoki Urasawa","https://en.wikipedia.org/wiki/Naoki_Urasawa"
"Monster (manga)","https://en.wikipedia.org/wiki/Monster_(manga)"
"Daijiro Morohoshi","https://en.wikipedia.org/wiki/Daijiro_Morohoshi"
"Reiko Okano","https://en.wikipedia.org/wiki/Reiko_Okano"
"Baku Yumemakura","https://en.wikipedia.org/wiki/Baku_Yumemakura"
"Onmyōji (novel series)","https://en.wikipedia.org/wiki/Onmy%C5%8Dji_(novel_series)"
"Takehiko Inoue","https://en.wikipedia.org/wiki/Takehiko_Inoue"
"Vagabond (manga)","https://en.wikipedia.org/wiki/Vagabond_(manga)"
"Fumiko Takano (page does not exist)","https://en.wikipedia.org/w/index.php?title=Fumiko_Takano&action=edit&redlink=1"
"The Yellow Book: A Friend Named Jacques Thibault (page does not exist)","https://en.wikipedia.org/w/index.php?title=The_Yellow_Book:_A_Friend_Named_Jacques_Thibault&action=edit&redlink=1"
"Kyoko Okazaki","https://en.wikipedia.org/wiki/Kyoko_Okazaki"
"Helter Skelter (manga)","https://en.wikipedia.org/wiki/Helter_Skelter_(manga)"
"Naoki Urasawa","https://en.wikipedia.org/wiki/Naoki_Urasawa"
"Pluto (manga)","https://en.wikipedia.org/wiki/Pluto_(manga)"
"Hideo Azuma","https://en.wikipedia.org/wiki/Hideo_Azuma"
"Disappearance Diary","https://en.wikipedia.org/wiki/Disappearance_Diary"
"Ryoko Yamagishi","https://en.wikipedia.org/wiki/Ryoko_Yamagishi"
"Terpsichora","https://en.wikipedia.org/wiki/Terpsichora"
"Masayuki Ishikawa","https://en.wikipedia.org/wiki/Masayuki_Ishikawa"
"Moyasimon: Tales of Agriculture","https://en.wikipedia.org/wiki/Moyasimon:_Tales_of_Agriculture"
"Fumi Yoshinaga","https://en.wikipedia.org/wiki/Fumi_Yoshinaga"
"Ōoku: The Inner Chambers","https://en.wikipedia.org/wiki/%C5%8Coku:_The_Inner_Chambers"
"Yoshihiro Tatsumi","https://en.wikipedia.org/wiki/Yoshihiro_Tatsumi"
"A Drifting Life","https://en.wikipedia.org/wiki/A_Drifting_Life"
"Yoshihiro Yamada (page does not exist)","https://en.wikipedia.org/w/index.php?title=Yoshihiro_Yamada&action=edit&redlink=1"
"Hyouge Mono","https://en.wikipedia.org/wiki/Hyouge_Mono"
"Motoka Murakami","https://en.wikipedia.org/wiki/Motoka_Murakami"
"Jin (manga)","https://en.wikipedia.org/wiki/Jin_(manga)"
"Issei Eifuku (page does not exist)","https://en.wikipedia.org/w/index.php?title=Issei_Eifuku&action=edit&redlink=1"
"Taiyō Matsumoto","https://en.wikipedia.org/wiki/Taiy%C5%8D_Matsumoto"
"Takemitsuzamurai","https://en.wikipedia.org/wiki/Takemitsuzamurai"
"Hitoshi Iwaaki","https://en.wikipedia.org/wiki/Hitoshi_Iwaaki"
"Historie","https://en.wikipedia.org/wiki/Historie"
"Yasuhisa Hara (page does not exist)","https://en.wikipedia.org/w/index.php?title=Yasuhisa_Hara&action=edit&redlink=1"
"Kingdom (manga)","https://en.wikipedia.org/wiki/Kingdom_(manga)"
"Chica Umino","https://en.wikipedia.org/wiki/Chica_Umino"
"March Comes in like a Lion","https://en.wikipedia.org/wiki/March_Comes_in_like_a_Lion"
"Yoiko Hoshi (page does not exist)","https://en.wikipedia.org/w/index.php?title=Yoiko_Hoshi&action=edit&redlink=1"
"Aisawa Riku (page does not exist)","https://en.wikipedia.org/w/index.php?title=Aisawa_Riku&action=edit&redlink=1"
"Kei Ichinoseki (page does not exist)","https://en.wikipedia.org/w/index.php?title=Kei_Ichinoseki&action=edit&redlink=1"
"Hanagami Sharaku (page does not exist)","https://en.wikipedia.org/w/index.php?title=Hanagami_Sharaku&action=edit&redlink=1"
"Kiyohiko Azuma","https://en.wikipedia.org/wiki/Kiyohiko_Azuma"
"Yotsuba&!","https://en.wikipedia.org/wiki/Yotsuba%26!"
"Fusako Kuramochi","https://en.wikipedia.org/wiki/Fusako_Kuramochi"
"Hana ni Somu (page does not exist)","https://en.wikipedia.org/w/index.php?title=Hana_ni_Somu&action=edit&redlink=1"
"Satoru Noda (author) (page does not exist)","https://en.wikipedia.org/w/index.php?title=Satoru_Noda_(author)&action=edit&redlink=1"
"Golden Kamuy","https://en.wikipedia.org/wiki/Golden_Kamuy"
"Toshio Naiki (page does not exist)","https://en.wikipedia.org/w/index.php?title=Toshio_Naiki&action=edit&redlink=1"
"Shotaro Ishinomori","https://en.wikipedia.org/wiki/Shotaro_Ishinomori"
"Fusanosuke Natsume","https://en.wikipedia.org/wiki/Fusanosuke_Natsume"
"Frederik L. Schodt","https://en.wikipedia.org/wiki/Frederik_L._Schodt"
"Akira Maruyuma (page does not exist)","https://en.wikipedia.org/w/index.php?title=Akira_Maruyuma&action=edit&redlink=1"
"Shigeru Mizuki","https://en.wikipedia.org/wiki/Shigeru_Mizuki"
"Tarō Minamoto (page does not exist)","https://en.wikipedia.org/w/index.php?title=Tar%C5%8D_Minamoto&action=edit&redlink=1"
"Kousei Ono (critic) (page does not exist)","https://en.wikipedia.org/w/index.php?title=Kousei_Ono_(critic)&action=edit&redlink=1"
"Yoshihiro Yonezawa","https://en.wikipedia.org/wiki/Yoshihiro_Yonezawa"
"Weekly Shōnen Jump","https://en.wikipedia.org/wiki/Weekly_Sh%C5%8Dnen_Jump"
"Fujiko Fujio","https://en.wikipedia.org/wiki/Fujiko_Fujio"
"Chikako Mitsuhashi (page does not exist)","https://en.wikipedia.org/w/index.php?title=Chikako_Mitsuhashi&action=edit&redlink=1"
"Chiisana Koi no Monogatari (page does not exist)","https://en.wikipedia.org/w/index.php?title=Chiisana_Koi_no_Monogatari&action=edit&redlink=1"
"Kyoto International Manga Museum","https://en.wikipedia.org/wiki/Kyoto_International_Manga_Museum"
"Osamu Akimoto","https://en.wikipedia.org/wiki/Osamu_Akimoto"
"Kochira Katsushika-ku Kameari Kōen-mae Hashutsujo","https://en.wikipedia.org/wiki/Kochira_Katsushika-ku_Kameari_K%C5%8Den-mae_Hashutsujo"
"Tetsuya Chiba","https://en.wikipedia.org/wiki/Tetsuya_Chiba"
"Ashita no Joe","https://en.wikipedia.org/wiki/Ashita_no_Joe"
"Moto Hagio","https://en.wikipedia.org/wiki/Moto_Hagio"
"A Cruel God Reigns","https://en.wikipedia.org/wiki/A_Cruel_God_Reigns"
"Yūji Aoki","https://en.wikipedia.org/wiki/Y%C5%ABji_Aoki"
"Naniwa Kin'yūdō","https://en.wikipedia.org/wiki/Naniwa_Kin%27y%C5%ABd%C5%8D"
"Akira Sasō","https://en.wikipedia.org/wiki/Akira_Sas%C5%8D"
"Shindō (manga)","https://en.wikipedia.org/wiki/Shind%C5%8D_(manga)"
"Minetarō Mochizuki","https://en.wikipedia.org/wiki/Minetar%C5%8D_Mochizuki"
"Dragon Head","https://en.wikipedia.org/wiki/Dragon_Head"
"Kotobuki Shiriagari","https://en.wikipedia.org/wiki/Kotobuki_Shiriagari"
"Yajikita in Deep (page does not exist)","https://en.wikipedia.org/w/index.php?title=Yajikita_in_Deep&action=edit&redlink=1"
"Kentaro Miura","https://en.wikipedia.org/wiki/Kentaro_Miura"
"Berserk (manga)","https://en.wikipedia.org/wiki/Berserk_(manga)"
"Yumi Hotta","https://en.wikipedia.org/wiki/Yumi_Hotta"
"Takeshi Obata","https://en.wikipedia.org/wiki/Takeshi_Obata"
"Hikaru no Go","https://en.wikipedia.org/wiki/Hikaru_no_Go"
"Takashi Morimoto (page does not exist)","https://en.wikipedia.org/w/index.php?title=Takashi_Morimoto&action=edit&redlink=1"
"Fumiyo Kōno","https://en.wikipedia.org/wiki/Fumiyo_K%C5%8Dno"
"Town of Evening Calm, Country of Cherry Blossoms","https://en.wikipedia.org/wiki/Town_of_Evening_Calm,_Country_of_Cherry_Blossoms"
"Asa Higuchi","https://en.wikipedia.org/wiki/Asa_Higuchi"
"Big Windup!","https://en.wikipedia.org/wiki/Big_Windup!"
"Nobuhisa Nozoe (page does not exist)","https://en.wikipedia.org/w/index.php?title=Nobuhisa_Nozoe&action=edit&redlink=1"
"Kazuhisa Iwata (page does not exist)","https://en.wikipedia.org/w/index.php?title=Kazuhisa_Iwata&action=edit&redlink=1"
"Kyojin Ōnishi (page does not exist)","https://en.wikipedia.org/w/index.php?title=Kyojin_%C5%8Cnishi&action=edit&redlink=1"
"Shinsei Kigeki (page does not exist)","https://en.wikipedia.org/w/index.php?title=Shinsei_Kigeki&action=edit&redlink=1"
"Toranosuke Shimada (page does not exist)","https://en.wikipedia.org/w/index.php?title=Toranosuke_Shimada&action=edit&redlink=1"
"Suehiro Maruo","https://en.wikipedia.org/wiki/Suehiro_Maruo"
"The Strange Tale of Panorama Island","https://en.wikipedia.org/wiki/The_Strange_Tale_of_Panorama_Island"
"Haruko Ichikawa (page does not exist)","https://en.wikipedia.org/w/index.php?title=Haruko_Ichikawa&action=edit&redlink=1"
"Mushi to Uta (page does not exist)","https://en.wikipedia.org/w/index.php?title=Mushi_to_Uta&action=edit&redlink=1"
"Hiromu Arakawa","https://en.wikipedia.org/wiki/Hiromu_Arakawa"
"Fullmetal Alchemist","https://en.wikipedia.org/wiki/Fullmetal_Alchemist"
"Yu Itō (page does not exist)","https://en.wikipedia.org/w/index.php?title=Yu_It%C5%8D&action=edit&redlink=1"
"Shut Hell","https://en.wikipedia.org/wiki/Shut_Hell"
"Miki Yamamoto (page does not exist)","https://en.wikipedia.org/w/index.php?title=Miki_Yamamoto&action=edit&redlink=1"
"Sunny Sunny Ann! (page does not exist)","https://en.wikipedia.org/w/index.php?title=Sunny_Sunny_Ann!&action=edit&redlink=1"
"Machiko Kyō (mangaka) (page does not exist)","https://en.wikipedia.org/w/index.php?title=Machiko_Ky%C5%8D_(mangaka)&action=edit&redlink=1"
"Mitsuami no Kamisama (page does not exist)","https://en.wikipedia.org/w/index.php?title=Mitsuami_no_Kamisama&action=edit&redlink=1"
"Yoshitoki Ōima","https://en.wikipedia.org/wiki/Yoshitoki_%C5%8Cima"
"A Silent Voice (manga)","https://en.wikipedia.org/wiki/A_Silent_Voice_(manga)"
"Yuki Andō (page does not exist)","https://en.wikipedia.org/w/index.php?title=Yuki_And%C5%8D&action=edit&redlink=1"
"Machida-kun no Sekai (page does not exist)","https://en.wikipedia.org/w/index.php?title=Machida-kun_no_Sekai&action=edit&redlink=1"
"Haruko Kumota (page does not exist)","https://en.wikipedia.org/w/index.php?title=Haruko_Kumota&action=edit&redlink=1"
"Descending Stories: Showa Genroku Rakugo Shinju","https://en.wikipedia.org/wiki/Descending_Stories:_Showa_Genroku_Rakugo_Shinju"
"Paru Itagaki (page does not exist)","https://en.wikipedia.org/w/index.php?title=Paru_Itagaki&action=edit&redlink=1"
"Beastars","https://en.wikipedia.org/wiki/Beastars"
"Hisaichi Ishii","https://en.wikipedia.org/wiki/Hisaichi_Ishii"
"Gendai Shisō no Sōnanshātachi (page does not exist)","https://en.wikipedia.org/w/index.php?title=Gendai_Shis%C5%8D_no_S%C5%8Dnansh%C4%81tachi&action=edit&redlink=1"
"Risu Akizuki","https://en.wikipedia.org/wiki/Risu_Akizuki"
"OL Shinkaron","https://en.wikipedia.org/wiki/OL_Shinkaron"
"Rieko Saibara","https://en.wikipedia.org/wiki/Rieko_Saibara"
"Jōkyō Monogatari","https://en.wikipedia.org/wiki/J%C5%8Dky%C5%8D_Monogatari"
"Mainichi Kaasan","https://en.wikipedia.org/wiki/Mainichi_Kaasan"
"Risa Itō","https://en.wikipedia.org/wiki/Risa_It%C5%8D"
"One Woman, Two Cats (page does not exist)","https://en.wikipedia.org/w/index.php?title=One_Woman,_Two_Cats&action=edit&redlink=1"
"Hey Pitan!","https://en.wikipedia.org/wiki/Hey_Pitan!"
"Onna no Mado (page does not exist)","https://en.wikipedia.org/w/index.php?title=Onna_no_Mado&action=edit&redlink=1"
"Hiromi Morishita (page does not exist)","https://en.wikipedia.org/w/index.php?title=Hiromi_Morishita&action=edit&redlink=1"
"Ōsaka Hamlet (page does not exist)","https://en.wikipedia.org/w/index.php?title=%C5%8Csaka_Hamlet&action=edit&redlink=1"
"Yumiko Ōshima","https://en.wikipedia.org/wiki/Yumiko_%C5%8Cshima"
"Gū-Gū Datte Neko de Aru","https://en.wikipedia.org/wiki/G%C5%AB-G%C5%AB_Datte_Neko_de_Aru"
"Hikaru Nakamura (artist)","https://en.wikipedia.org/wiki/Hikaru_Nakamura_(artist)"
"Saint Young Men","https://en.wikipedia.org/wiki/Saint_Young_Men"
"Mari Yamazaki","https://en.wikipedia.org/wiki/Mari_Yamazaki"
"Thermae Romae","https://en.wikipedia.org/wiki/Thermae_Romae"
"Keisuke Yamashina (page does not exist)","https://en.wikipedia.org/w/index.php?title=Keisuke_Yamashina&action=edit&redlink=1"
"C-kyū Salaryman Kōza (page does not exist)","https://en.wikipedia.org/w/index.php?title=C-ky%C5%AB_Salaryman_K%C5%8Dza&action=edit&redlink=1"
"Papa wa Nanda ka Wakaranai (page does not exist)","https://en.wikipedia.org/w/index.php?title=Papa_wa_Nanda_ka_Wakaranai&action=edit&redlink=1"
"Roswell Hosoki (page does not exist)","https://en.wikipedia.org/w/index.php?title=Roswell_Hosoki&action=edit&redlink=1"
"Sake no Hosomichi (page does not exist)","https://en.wikipedia.org/w/index.php?title=Sake_no_Hosomichi&action=edit&redlink=1"
"Yoshiie Gōda (page does not exist)","https://en.wikipedia.org/w/index.php?title=Yoshiie_G%C5%8Dda&action=edit&redlink=1"
"Love of Machine (page does not exist)","https://en.wikipedia.org/w/index.php?title=Love_of_Machine&action=edit&redlink=1"
"Yuki Shikawa (page does not exist)","https://en.wikipedia.org/w/index.php?title=Yuki_Shikawa&action=edit&redlink=1"
"Onnoji (page does not exist)","https://en.wikipedia.org/w/index.php?title=Onnoji&action=edit&redlink=1"
"Sensha Yoshida (page does not exist)","https://en.wikipedia.org/w/index.php?title=Sensha_Yoshida&action=edit&redlink=1"
"Tatsuya Nakazaki (page does not exist)","https://en.wikipedia.org/w/index.php?title=Tatsuya_Nakazaki&action=edit&redlink=1"
"Jimihen (page does not exist)","https://en.wikipedia.org/w/index.php?title=Jimihen&action=edit&redlink=1"
"Kahoru Fukaya (page does not exist)","https://en.wikipedia.org/w/index.php?title=Kahoru_Fukaya&action=edit&redlink=1"
"Yomawari Neko (page does not exist)","https://en.wikipedia.org/w/index.php?title=Yomawari_Neko&action=edit&redlink=1"
"Taro Yabe (page does not exist)","https://en.wikipedia.org/w/index.php?title=Taro_Yabe&action=edit&redlink=1"
"Oya-san to Boku (page does not exist)","https://en.wikipedia.org/w/index.php?title=Oya-san_to_Boku&action=edit&redlink=1"
"Template:Shaft Animation Studio","https://en.wikipedia.org/wiki/Template:Shaft_Animation_Studio"
"Template talk:Shaft Animation Studio","https://en.wikipedia.org/wiki/Template_talk:Shaft_Animation_Studio"
"Shaft (company)","https://en.wikipedia.org/wiki/Shaft_(company)"
"Akiyuki Shinbo","https://en.wikipedia.org/wiki/Akiyuki_Shinbo"
"Mitsutoshi Kubota","https://en.wikipedia.org/wiki/Mitsutoshi_Kubota"
"Shin Ōnuma","https://en.wikipedia.org/wiki/Shin_%C5%8Cnuma"
"Tatsuya Oishi (director)","https://en.wikipedia.org/wiki/Tatsuya_Oishi_(director)"
"Yukihiro Miyamoto","https://en.wikipedia.org/wiki/Yukihiro_Miyamoto"
"Juuni Senshi Bakuretsu Eto Ranger","https://en.wikipedia.org/wiki/Juuni_Senshi_Bakuretsu_Eto_Ranger"
"Dotto! Koni-chan","https://en.wikipedia.org/wiki/Dotto!_Koni-chan"
"Mahoromatic","https://en.wikipedia.org/wiki/Mahoromatic"
"G-On Riders","https://en.wikipedia.org/wiki/G-On_Riders"
"Mahoromatic","https://en.wikipedia.org/wiki/Mahoromatic"
"Popotan","https://en.wikipedia.org/wiki/Popotan"
"Mahoromatic","https://en.wikipedia.org/wiki/Mahoromatic"
"This Ugly yet Beautiful World","https://en.wikipedia.org/wiki/This_Ugly_yet_Beautiful_World"
"Tsukuyomi: Moon Phase","https://en.wikipedia.org/wiki/Tsukuyomi:_Moon_Phase"
"He Is My Master","https://en.wikipedia.org/wiki/He_Is_My_Master"
"Pani Poni","https://en.wikipedia.org/wiki/Pani_Poni"
"Rec (manga)","https://en.wikipedia.org/wiki/Rec_(manga)"
"Negima!?","https://en.wikipedia.org/wiki/Negima!%3F"
"Hidamari Sketch","https://en.wikipedia.org/wiki/Hidamari_Sketch"
"Sayonara, Zetsubou-Sensei","https://en.wikipedia.org/wiki/Sayonara,_Zetsubou-Sensei"
"Ef: A Fairy Tale of the Two","https://en.wikipedia.org/wiki/Ef:_A_Fairy_Tale_of_the_Two"
"Hidamari Sketch","https://en.wikipedia.org/wiki/Hidamari_Sketch"
"Sayonara, Zetsubou-Sensei","https://en.wikipedia.org/wiki/Sayonara,_Zetsubou-Sensei"
"Hidamari Sketch","https://en.wikipedia.org/wiki/Hidamari_Sketch"
"Ef: A Fairy Tale of the Two","https://en.wikipedia.org/wiki/Ef:_A_Fairy_Tale_of_the_Two"
"Maria Holic","https://en.wikipedia.org/wiki/Maria_Holic"
"Natsu no Arashi!","https://en.wikipedia.org/wiki/Natsu_no_Arashi!"
"Monogatari (series)","https://en.wikipedia.org/wiki/Monogatari_(series)"
"Sayonara, Zetsubou-Sensei","https://en.wikipedia.org/wiki/Sayonara,_Zetsubou-Sensei"
"Natsu no Arashi!","https://en.wikipedia.org/wiki/Natsu_no_Arashi!"
"Hidamari Sketch","https://en.wikipedia.org/wiki/Hidamari_Sketch"
"Mahoromatic","https://en.wikipedia.org/wiki/Mahoromatic"
"Dance in the Vampire Bund","https://en.wikipedia.org/wiki/Dance_in_the_Vampire_Bund"
"Hidamari Sketch","https://en.wikipedia.org/wiki/Hidamari_Sketch"
"Arakawa Under the Bridge","https://en.wikipedia.org/wiki/Arakawa_Under_the_Bridge"
"Arakawa Under the Bridge","https://en.wikipedia.org/wiki/Arakawa_Under_the_Bridge"
"And Yet the Town Moves","https://en.wikipedia.org/wiki/And_Yet_the_Town_Moves"
"Hidamari Sketch","https://en.wikipedia.org/wiki/Hidamari_Sketch"
"Puella Magi Madoka Magica","https://en.wikipedia.org/wiki/Puella_Magi_Madoka_Magica"
"Maria Holic","https://en.wikipedia.org/wiki/Maria_Holic"
"Ground Control to Psychoelectric Girl","https://en.wikipedia.org/wiki/Ground_Control_to_Psychoelectric_Girl"
"Hidamari Sketch","https://en.wikipedia.org/wiki/Hidamari_Sketch"
"Hidamari Sketch","https://en.wikipedia.org/wiki/Hidamari_Sketch"
"Sasami-san@Ganbaranai","https://en.wikipedia.org/wiki/Sasami-san@Ganbaranai"
"Monogatari (series)","https://en.wikipedia.org/wiki/Monogatari_(series)"
"Nisekoi","https://en.wikipedia.org/wiki/Nisekoi"
"Kagerou Project","https://en.wikipedia.org/wiki/Kagerou_Project"
"Monogatari (series)","https://en.wikipedia.org/wiki/Monogatari_(series)"
"Gourmet Girl Graffiti","https://en.wikipedia.org/wiki/Gourmet_Girl_Graffiti"
"Nisekoi","https://en.wikipedia.org/wiki/Nisekoi"
"Fate/Extra Last Encore","https://en.wikipedia.org/wiki/Fate/Extra_Last_Encore"
"Kino's Journey","https://en.wikipedia.org/wiki/Kino%27s_Journey"
"Negima! Magister Negi Magi","https://en.wikipedia.org/wiki/Negima!_Magister_Negi_Magi"
"Puella Magi Madoka Magica: The Movie","https://en.wikipedia.org/wiki/Puella_Magi_Madoka_Magica:_The_Movie"
"Puella Magi Madoka Magica: The Movie","https://en.wikipedia.org/wiki/Puella_Magi_Madoka_Magica:_The_Movie"
"Puella Magi Madoka Magica: The Movie","https://en.wikipedia.org/wiki/Puella_Magi_Madoka_Magica:_The_Movie"
"Kizumonogatari (film series)","https://en.wikipedia.org/wiki/Kizumonogatari_(film_series)"
"Kizumonogatari (film series)","https://en.wikipedia.org/wiki/Kizumonogatari_(film_series)"
"Kizumonogatari (film series)","https://en.wikipedia.org/wiki/Kizumonogatari_(film_series)"
"Fireworks (2017 film)","https://en.wikipedia.org/wiki/Fireworks_(2017_film)"
"Fate/Extra Last Encore","https://en.wikipedia.org/wiki/Fate/Extra_Last_Encore"
"Monogatari (series)","https://en.wikipedia.org/wiki/Monogatari_(series)"
"Sakura Diaries","https://en.wikipedia.org/wiki/Sakura_Diaries"
"Arcade Gamer Fubuki","https://en.wikipedia.org/wiki/Arcade_Gamer_Fubuki"
"G-On Riders","https://en.wikipedia.org/wiki/G-On_Riders"
"Rec (manga)","https://en.wikipedia.org/wiki/Rec_(manga)"
"Pani Poni","https://en.wikipedia.org/wiki/Pani_Poni"
"Negima! Magister Negi Magi","https://en.wikipedia.org/wiki/Negima!_Magister_Negi_Magi"
"Negima! Magister Negi Magi","https://en.wikipedia.org/wiki/Negima!_Magister_Negi_Magi"
"Sayonara, Zetsubou-Sensei","https://en.wikipedia.org/wiki/Sayonara,_Zetsubou-Sensei"
"Negima! Magister Negi Magi","https://en.wikipedia.org/wiki/Negima!_Magister_Negi_Magi"
"Sayonara, Zetsubou-Sensei","https://en.wikipedia.org/wiki/Sayonara,_Zetsubou-Sensei"
"Negima! Magister Negi Magi","https://en.wikipedia.org/wiki/Negima!_Magister_Negi_Magi"
"Katte ni Kaizō","https://en.wikipedia.org/wiki/Katte_ni_Kaiz%C5%8D"
"Ground Control to Psychoelectric Girl","https://en.wikipedia.org/wiki/Ground_Control_to_Psychoelectric_Girl"
"Hidamari Sketch","https://en.wikipedia.org/wiki/Hidamari_Sketch"
"Magical Suite Prism Nana","https://en.wikipedia.org/wiki/Magical_Suite_Prism_Nana"
"Zaregoto (series)","https://en.wikipedia.org/wiki/Zaregoto_(series)"
"Monogatari (series)","https://en.wikipedia.org/wiki/Monogatari_(series)"
"Category:Shaft (company)","https://en.wikipedia.org/wiki/Category:Shaft_(company)"
"Template:Akiyuki Shinbo","https://en.wikipedia.org/wiki/Template:Akiyuki_Shinbo"
"Template talk:Akiyuki Shinbo (page does not exist)","https://en.wikipedia.org/w/index.php?title=Template_talk:Akiyuki_Shinbo&action=edit&redlink=1"
"Akiyuki Shinbo","https://en.wikipedia.org/wiki/Akiyuki_Shinbo"
"Metal Fighter Miku","https://en.wikipedia.org/wiki/Metal_Fighter_Miku"
"Starship Girl Yamamoto Yohko","https://en.wikipedia.org/wiki/Starship_Girl_Yamamoto_Yohko"
"The SoulTaker","https://en.wikipedia.org/wiki/The_SoulTaker"
"Tsukuyomi: Moon Phase","https://en.wikipedia.org/wiki/Tsukuyomi:_Moon_Phase"
"Magical Girl Lyrical Nanoha","https://en.wikipedia.org/wiki/Magical_Girl_Lyrical_Nanoha"
"Pani Poni","https://en.wikipedia.org/wiki/Pani_Poni"
"Negima! Magister Negi Magi","https://en.wikipedia.org/wiki/Negima!_Magister_Negi_Magi"
"Sayonara Zetsubou Sensei","https://en.wikipedia.org/wiki/Sayonara_Zetsubou_Sensei"
"Hidamari Sketch","https://en.wikipedia.org/wiki/Hidamari_Sketch"
"Sayonara Zetsubou Sensei","https://en.wikipedia.org/wiki/Sayonara_Zetsubou_Sensei"
"Hidamari Sketch","https://en.wikipedia.org/wiki/Hidamari_Sketch"
"Sayonara Zetsubou Sensei","https://en.wikipedia.org/wiki/Sayonara_Zetsubou_Sensei"
"Natsu no Arashi!","https://en.wikipedia.org/wiki/Natsu_no_Arashi!"
"Natsu no Arashi!","https://en.wikipedia.org/wiki/Natsu_no_Arashi!"
"Maria Holic","https://en.wikipedia.org/wiki/Maria_Holic"
"Monogatari (series)","https://en.wikipedia.org/wiki/Monogatari_(series)"
"Hidamari Sketch","https://en.wikipedia.org/wiki/Hidamari_Sketch"
"Dance in the Vampire Bund","https://en.wikipedia.org/wiki/Dance_in_the_Vampire_Bund"
"Arakawa Under the Bridge","https://en.wikipedia.org/wiki/Arakawa_Under_the_Bridge"
"And Yet the Town Moves","https://en.wikipedia.org/wiki/And_Yet_the_Town_Moves"
"Hidamari Sketch","https://en.wikipedia.org/wiki/Hidamari_Sketch"
"Puella Magi Madoka Magica","https://en.wikipedia.org/wiki/Puella_Magi_Madoka_Magica"
"Maria Holic","https://en.wikipedia.org/wiki/Maria_Holic"
"Denpa Onna to Seishun Otoko","https://en.wikipedia.org/wiki/Denpa_Onna_to_Seishun_Otoko"
"Hidamari Sketch","https://en.wikipedia.org/wiki/Hidamari_Sketch"
"Sasami-san@Ganbaranai","https://en.wikipedia.org/wiki/Sasami-san@Ganbaranai"
"Monogatari (series)","https://en.wikipedia.org/wiki/Monogatari_(series)"
"Nisekoi","https://en.wikipedia.org/wiki/Nisekoi"
"Kagerou Project","https://en.wikipedia.org/wiki/Kagerou_Project"
"Monogatari (series)","https://en.wikipedia.org/wiki/Monogatari_(series)"
"Nisekoi","https://en.wikipedia.org/wiki/Nisekoi"
"Gourmet Girl Graffiti","https://en.wikipedia.org/wiki/Gourmet_Girl_Graffiti"
"March Comes in like a Lion","https://en.wikipedia.org/wiki/March_Comes_in_like_a_Lion"
"Fate/Extra Last Encore","https://en.wikipedia.org/wiki/Fate/Extra_Last_Encore"
"Devil Hunter Yohko","https://en.wikipedia.org/wiki/Devil_Hunter_Yohko"
"Starship Girl Yamamoto Yohko","https://en.wikipedia.org/wiki/Starship_Girl_Yamamoto_Yohko"
"Hurricane Polymar","https://en.wikipedia.org/wiki/Hurricane_Polymar"
"Galaxy Fräulein Yuna","https://en.wikipedia.org/wiki/Galaxy_Fr%C3%A4ulein_Yuna"
"Debutante Detective Corps","https://en.wikipedia.org/wiki/Debutante_Detective_Corps"
"Detatoko Princess","https://en.wikipedia.org/wiki/Detatoko_Princess"
"Starship Girl Yamamoto Yohko","https://en.wikipedia.org/wiki/Starship_Girl_Yamamoto_Yohko"
"Le Portrait de Petit Cossette","https://en.wikipedia.org/wiki/Le_Portrait_de_Petit_Cossette"
"Negima! Magister Negi Magi","https://en.wikipedia.org/wiki/Negima!_Magister_Negi_Magi"
"Sayonara Zetsubou Sensei","https://en.wikipedia.org/wiki/Sayonara_Zetsubou_Sensei"
"Sayonara Zetsubou Sensei","https://en.wikipedia.org/wiki/Sayonara_Zetsubou_Sensei"
"Negima! Magister Negi Magi","https://en.wikipedia.org/wiki/Negima!_Magister_Negi_Magi"
"Katte ni Kaizō","https://en.wikipedia.org/wiki/Katte_ni_Kaiz%C5%8D"
"Denpa Onna to Seishun Otoko","https://en.wikipedia.org/wiki/Denpa_Onna_to_Seishun_Otoko"
"Hidamari Sketch","https://en.wikipedia.org/wiki/Hidamari_Sketch"
"Nisekoi","https://en.wikipedia.org/wiki/Nisekoi"
"Monogatari (series)","https://en.wikipedia.org/wiki/Monogatari_(series)"
"Zaregoto (series)","https://en.wikipedia.org/wiki/Zaregoto_(series)"
"Twilight of the Dark Master","https://en.wikipedia.org/wiki/Twilight_of_the_Dark_Master"
"Negima! Magister Negi Magi","https://en.wikipedia.org/wiki/Negima!_Magister_Negi_Magi"
"Puella Magi Madoka Magica: The Movie","https://en.wikipedia.org/wiki/Puella_Magi_Madoka_Magica:_The_Movie"
"Puella Magi Madoka Magica: The Movie","https://en.wikipedia.org/wiki/Puella_Magi_Madoka_Magica:_The_Movie"
"Puella Magi Madoka Magica: The Movie","https://en.wikipedia.org/wiki/Puella_Magi_Madoka_Magica:_The_Movie"
"Kizumonogatari (film series)","https://en.wikipedia.org/wiki/Kizumonogatari_(film_series)"
"Kizumonogatari (film series)","https://en.wikipedia.org/wiki/Kizumonogatari_(film_series)"
"Kizumonogatari (film series)","https://en.wikipedia.org/wiki/Kizumonogatari_(film_series)"
"Fireworks (2017 film)","https://en.wikipedia.org/wiki/Fireworks_(2017_film)"
"Monogatari (series)","https://en.wikipedia.org/wiki/Monogatari_(series)"
"Help:Category","https://en.wikipedia.org/wiki/Help:Category"
"Category:Manga series","https://en.wikipedia.org/wiki/Category:Manga_series"
"Category:2007 manga","https://en.wikipedia.org/wiki/Category:2007_manga"
"Category:2016 anime television series","https://en.wikipedia.org/wiki/Category:2016_anime_television_series"
"Category:Anime series based on manga","https://en.wikipedia.org/wiki/Category:Anime_series_based_on_manga"
"Category:Aniplex","https://en.wikipedia.org/wiki/Category:Aniplex"
"Category:Coming-of-age anime and manga","https://en.wikipedia.org/wiki/Category:Coming-of-age_anime_and_manga"
"Category:Hakusensha franchises","https://en.wikipedia.org/wiki/Category:Hakusensha_franchises"
"Category:Hakusensha manga","https://en.wikipedia.org/wiki/Category:Hakusensha_manga"
"Category:Manga adapted into films","https://en.wikipedia.org/wiki/Category:Manga_adapted_into_films"
"Category:Manga Taishō","https://en.wikipedia.org/wiki/Category:Manga_Taish%C5%8D"
"Category:NHK shows","https://en.wikipedia.org/wiki/Category:NHK_shows"
"Category:Romantic comedy anime and manga","https://en.wikipedia.org/wiki/Category:Romantic_comedy_anime_and_manga"
"Category:Seinen manga","https://en.wikipedia.org/wiki/Category:Seinen_manga"
"Category:Shaft (company)","https://en.wikipedia.org/wiki/Category:Shaft_(company)"
"Category:Shogi in anime and manga","https://en.wikipedia.org/wiki/Category:Shogi_in_anime_and_manga"
"Category:Winner of Kodansha Manga Award (General)","https://en.wikipedia.org/wiki/Category:Winner_of_Kodansha_Manga_Award_(General)"
"Category:Pages with reference errors","https://en.wikipedia.org/wiki/Category:Pages_with_reference_errors"
"Category:CS1 uses Japanese-language script (ja)","https://en.wikipedia.org/wiki/Category:CS1_uses_Japanese-language_script_(ja)"
"Category:CS1 Japanese-language sources (ja)","https://en.wikipedia.org/wiki/Category:CS1_Japanese-language_sources_(ja)"
"Category:Pages with duplicate reference names","https://en.wikipedia.org/wiki/Category:Pages_with_duplicate_reference_names"
"Category:Articles containing Japanese-language text","https://en.wikipedia.org/wiki/Category:Articles_containing_Japanese-language_text"
"Category:Interlanguage link template link number","https://en.wikipedia.org/wiki/Category:Interlanguage_link_template_link_number"
"Category:Articles with Japanese-language external links","https://en.wikipedia.org/wiki/Category:Articles_with_Japanese-language_external_links"
"Discussion about edits from this IP address [n]","https://en.wikipedia.org/wiki/Special:MyTalk"
"A list of edits made from this IP address [y]","https://en.wikipedia.org/wiki/Special:MyContributions"
"You are encouraged to create an account and log in; however, it is not mandatory","https://en.wikipedia.org/w/index.php?title=Special:CreateAccount&returnto=March+Comes+in+Like+a+Lion"
"You're encouraged to log in; however, it's not mandatory. [o]","https://en.wikipedia.org/w/index.php?title=Special:UserLogin&returnto=March+Comes+in+Like+a+Lion"
"View the content page [c]","https://en.wikipedia.org/wiki/March_Comes_in_Like_a_Lion"
"Discussion about the content page [t]","https://en.wikipedia.org/wiki/Talk:March_Comes_in_Like_a_Lion"
"Edit this page [e]","https://en.wikipedia.org/w/index.php?title=March_Comes_in_Like_a_Lion&action=edit"
"Past revisions of this page [h]","https://en.wikipedia.org/w/index.php?title=March_Comes_in_Like_a_Lion&action=history"
"Visit the main page","https://en.wikipedia.org/wiki/Main_Page"
"Visit the main page [z]","https://en.wikipedia.org/wiki/Main_Page"
"Guides to browsing Wikipedia","https://en.wikipedia.org/wiki/Portal:Contents"
"Featured content – the best of Wikipedia","https://en.wikipedia.org/wiki/Portal:Featured_content"
"Find background information on current events","https://en.wikipedia.org/wiki/Portal:Current_events"
"Load a random article [x]","https://en.wikipedia.org/wiki/Special:Random"
"Support us","https://en.wikipedia.orghttps://donate.wikimedia.org/wiki/Special:FundraiserRedirector?utm_source=donate&utm_medium=sidebar&utm_campaign=C13_en.wikipedia.org&uselang=en"
"Visit the Wikipedia store","https://en.wikipedia.org//shop.wikimedia.org"
"Guidance on how to use and edit Wikipedia","https://en.wikipedia.org/wiki/Help:Contents"
"Find out about Wikipedia","https://en.wikipedia.org/wiki/Wikipedia:About"
"About the project, what you can do, where to find things","https://en.wikipedia.org/wiki/Wikipedia:Community_portal"
"A list of recent changes in the wiki [r]","https://en.wikipedia.org/wiki/Special:RecentChanges"
"How to contact Wikipedia","https://en.wikipedia.org//en.wikipedia.org/wiki/Wikipedia:Contact_us"
"List of all English Wikipedia pages containing links to this page [j]","https://en.wikipedia.org/wiki/Special:WhatLinksHere/March_Comes_in_Like_a_Lion"
"Recent changes in pages linked from this page [k]","https://en.wikipedia.org/wiki/Special:RecentChangesLinked/March_Comes_in_Like_a_Lion"
"Upload files [u]","https://en.wikipedia.org/wiki/Wikipedia:File_Upload_Wizard"
"A list of all special pages [q]","https://en.wikipedia.org/wiki/Special:SpecialPages"
"Permanent link to this revision of the page","https://en.wikipedia.org/w/index.php?title=March_Comes_in_Like_a_Lion&oldid=879023528"
"More information about this page","https://en.wikipedia.org/w/index.php?title=March_Comes_in_Like_a_Lion&action=info"
"Link to connected data repository item [g]","https://en.wikipedia.orghttps://www.wikidata.org/wiki/Special:EntityPage/Q4049046"
"Information on how to cite this page","https://en.wikipedia.org/w/index.php?title=Special:CiteThisPage&page=March_Comes_in_Like_a_Lion&id=879023528"
"Printable version of this page [p]","https://en.wikipedia.org/w/index.php?title=March_Comes_in_Like_a_Lion&printable=yes"
"أسد آذار – Arabic","https://en.wikipedia.orghttps://ar.wikipedia.org/wiki/%D8%A3%D8%B3%D8%AF_%D8%A2%D8%B0%D8%A7%D8%B1"
"March Comes in Like a Lion – Azerbaijani","https://en.wikipedia.orghttps://az.wikipedia.org/wiki/March_Comes_in_Like_a_Lion"
"3-gatsu no Lion – German","https://en.wikipedia.orghttps://de.wikipedia.org/wiki/3-gatsu_no_Lion"
"Sangatsu no Lion – Spanish","https://en.wikipedia.orghttps://es.wikipedia.org/wiki/Sangatsu_no_Lion"
"March Comes in like a Lion – French","https://en.wikipedia.orghttps://fr.wikipedia.org/wiki/March_Comes_in_like_a_Lion"
"3월의 라이온 – Korean","https://en.wikipedia.orghttps://ko.wikipedia.org/wiki/3%EC%9B%94%EC%9D%98_%EB%9D%BC%EC%9D%B4%EC%98%A8"
"Un marzo da leoni – Italian","https://en.wikipedia.orghttps://it.wikipedia.org/wiki/Un_marzo_da_leoni"
"3月のライオン – Japanese","https://en.wikipedia.orghttps://ja.wikipedia.org/wiki/3%E6%9C%88%E3%81%AE%E3%83%A9%E3%82%A4%E3%82%AA%E3%83%B3"
"Sangatsu no Lion – Russian","https://en.wikipedia.orghttps://ru.wikipedia.org/wiki/Sangatsu_no_Lion"
"March Comes in like a Lion – Tagalog","https://en.wikipedia.orghttps://tl.wikipedia.org/wiki/March_Comes_in_like_a_Lion"
"ตราบวันฟ้าใส – Thai","https://en.wikipedia.orghttps://th.wikipedia.org/wiki/%E0%B8%95%E0%B8%A3%E0%B8%B2%E0%B8%9A%E0%B8%A7%E0%B8%B1%E0%B8%99%E0%B8%9F%E0%B9%89%E0%B8%B2%E0%B9%83%E0%B8%AA"
"Sangatsu no Lion – Turkish","https://en.wikipedia.orghttps://tr.wikipedia.org/wiki/Sangatsu_no_Lion"
"Sư tử tháng 3 – Vietnamese","https://en.wikipedia.orghttps://vi.wikipedia.org/wiki/S%C6%B0_t%E1%BB%AD_th%C3%A1ng_3"
"3月的獅子 – Chinese","https://en.wikipedia.orghttps://zh.wikipedia.org/wiki/3%E6%9C%88%E7%9A%84%E7%8D%85%E5%AD%90"
"Edit interlanguage links","https://en.wikipedia.orghttps://www.wikidata.org/wiki/Special:EntityPage/Q4049046#sitelinks-wikipedia"
"wmf:Privacy policy","https://en.wikipedia.orghttps://foundation.wikimedia.org/wiki/Privacy_policy"
"Wikipedia:About","https://en.wikipedia.org/wiki/Wikipedia:About"
"Wikipedia:General disclaimer","https://en.wikipedia.org/wiki/Wikipedia:General_disclaimer"
